DOI,DownloadStatus,Filename,URL,DownloadURL,SIDownloadStatus,SIFilename,HTMLFilename
10.1016/j.jconrel.2026.114870,,,,,,,
10.3390/membranes16030089,,,,,,,
10.2147/IJN.S577606,,,,,,,
10.1177/10430342251412392,,,,,,,
10.1016/j.vaccine.2026.128515,,,,,,,
10.1002/advs.202521507,,,,,,,
10.1039/d6tb00052e,,,,,,,
10.1021/jacs.6c00080,,,,,,,
10.1021/acs.langmuir.5c06286,,,,,,,
10.1016/j.biomaterials.2026.124145,,,,,,,
10.1038/s41565-025-02102-z,,,,,,,
10.1038/s41551-026-01640-8,,,,,,,
10.1002/smll.202511946,,,,,,,
10.64898/2026.03.02.708638,,,,,,,
10.1038/s41563-026-02512-x,,,,,,,
10.1073/pnas.2519819123,,,,,,,
10.1016/j.jconrel.2026.114825,,,,,,,
10.1021/acs.nanolett.5c06525,,,,,,,
10.1016/j.biomaterials.2026.124093,,,,,,,
10.1002/smll.202509742,,,,,,,
10.1038/s41587-026-03022-6,,,,,,,
10.1038/s41596-025-01325-7,,,,,,,
10.1021/acsnano.5c16693,,,,,,,
10.1016/j.jconrel.2026.114784,,,,,,,
10.1021/jacs.5c20438,,,,,,,
10.1093/bib/bbag092,,,,,,,
10.1080/10717544.2026.2637266,,,,,,,
10.1016/j.ejpb.2026.115034,,,,,,,
10.1021/jacs.5c22504,,,,,,,
10.3390/pharmaceutics18020164,,,,,,,
10.3390/nano16040268,,,,,,,
10.1016/j.cell.2026.01.012,,,,,,,
10.1016/j.bioactmat.2026.02.018,,,,,,,
10.1021/jacs.6c01708,,,,,,,
10.1021/jacs.5c16886,,,,,,,
10.1021/acs.jmedchem.6c00448,,,,,,,
10.1016/j.jconrel.2026.114742,,,,,,,
10.1021/jacs.5c23209,,,,,,,
10.1002/adma.202515130,,,,,,,
10.1021/acsbiomaterials.5c01698,,,,,,,
10.1007/s13346-026-02076-y,,,,,,,
10.1016/j.omton.2026.201133,,,,,,,
10.1021/acsnano.5c19036,,,,,,,
10.1021/jacs.5c16971,,,,,,,
10.1002/advs.202509855,,,,,,,
10.1016/j.jconrel.2026.114709,,,,,,,
10.1039/d5ay01758k,,,,,,,
10.3389/fbioe.2025.1669104,,,,,,,
10.1002/adma.202522552,,,,,,,
10.1039/d5fo05461c,,,,,,,
10.1021/acs.jcim.5c02871,,,,,,,
10.1021/acs.molpharmaceut.5c00950,,,,,,,
10.1021/acs.molpharmaceut.5c01780,,,,,,,
10.1016/j.mtbio.2025.102289,,,,,,,
10.1016/j.mtbio.2026.102774,,,,,,,
10.1016/j.bioorg.2026.109526,,,,,,,
10.1038/s41467-026-69017-8,,,,,,,
10.1007/s13346-025-02036-y,,,,,,,
10.1016/j.jcis.2026.139966,,,,,,,
10.1039/d5tb02579f,,,,,,,
10.1016/j.bioactmat.2026.01.007,,,,,,,
10.1021/acsnano.5c19138,,,,,,,
10.1016/j.omtm.2025.101578,,,,,,,
10.1016/j.jconrel.2026.114640,,,,,,,
10.1002/smll.202511381,,,,,,,
10.1002/anie.202519216,,,,,,,
10.1021/acs.langmuir.5c05504,,,,,,,
10.1002/smsc.202500506,,,,,,,
10.1002/anie.202523579,,,,,,,
10.1002/adma.202519473,,,,,,,
10.1016/j.colsurfb.2025.115402,,,,,,,
10.1021/acsnano.5c11352,,,,,,,
10.1016/j.omtn.2025.102699,,,,,,,
10.1016/j.omtn.2025.102735,,,,,,,
10.3390/ijms262411960,,,,,,,
10.1016/j.virusres.2025.199682,,,,,,,
10.1002/adhm.202503238,,,,,,,
10.1016/j.jconrel.2025.114569,,,,,,,
10.3390/nano15241844,,,,,,,
10.1002/adhm.202504363,,,,,,,
10.1038/s41541-025-01349-w,,,,,,,
10.1016/j.retram.2025.103563,,,,,,,
10.1016/j.bbrc.2025.153155,,,,,,,
10.1016/j.vaccine.2025.128136,,,,,,,
10.1021/acsnano.5c17445,,,,,,,
10.1038/s41551-025-01577-4,,,,,,,
10.1021/acs.jctc.5c01207,,,,,,,
10.1186/s12951-025-03895-w,,,,,,,
10.1039/d5ob01888a,,,,,,,
10.1016/j.omtn.2025.102773,,,,,,,
10.1038/s41467-025-66087-y,,,,,,,
10.1016/j.omtn.2025.102697,,,,,,,
10.1002/adma.202509471,,,,,,,
10.1038/s41467-025-67331-1,,,,,,,
10.3389/fimmu.2025.1693674,,,,,,,
10.1021/jacs.5c16121,,,,,,,
10.1007/s00204-025-04252-4,,,,,,,
10.1016/j.aca.2025.344852,,,,,,,
10.1038/s41467-025-65874-x,,,,,,,
10.1016/j.jconrel.2025.114499,,,,,,,
10.1016/j.jconrel.2025.114482,,,,,,,
10.1002/smll.202510395,,,,,,,
10.1002/adma.202517893,,,,,,,
10.3390/nu17223572,,,,,,,
10.3390/pharmaceutics17111410,,,,,,,
10.1186/s12951-025-03844-7,,,,,,,
10.1021/acs.jmedchem.5c02209,,,,,,,
10.1101/2025.10.30.685635,,,,,,,
10.1016/j.ejps.2025.107386,,,,,,,
10.1002/advs.202512535,,,,,,,
10.1021/acsnano.5c12080,,,,,,,
10.1016/j.bioactmat.2025.09.007,,,,,,,
10.1021/jacs.5c10972,,,,,,,
10.1021/jacs.5c19387,,,,,,,
10.1016/j.jconrel.2025.114414,,,,,,,
10.1080/17435889.2025.2587715,,,,,,,
10.1002/adma.202512235,,,,,,,
10.1021/acsami.5c16272,,,,,,,
10.1039/d5pm00166h,,,,,,,
10.1016/j.drudis.2025.104532,,,,,,,
10.1021/acs.langmuir.5c04076,,,,,,,
10.1016/j.jcis.2025.139420,,,,,,,
10.1002/adhm.202503748,,,,,,,
10.1021/jacs.5c14194,,,,,,,
10.1016/j.copbio.2025.103383,,,,,,,
10.1038/s41565-025-02044-6,,,,,,,
10.1016/j.jconrel.2025.114385,,,,,,,
10.1248/cpb.c25-00477,,,,,,,
10.1021/acs.molpharmaceut.5c00348,,,,,,,
10.1016/j.mattod.2025.10.005,,,,,,,
10.1038/s41598-025-21880-z,,,,,,,
10.1038/s41565-025-02045-5,,,,,,,
10.1021/jacs.5c13982,,,,,,,
10.3390/pharmaceutics17101309,,,,,,,
10.1002/adhm.202502225,,,,,,,
10.1016/j.ijpharm.2025.126278,,,,,,,
10.1016/j.jtcvs.2025.10.021,,,,,,,
10.1016/j.omtm.2025.101596,,,,,,,
10.1021/acs.nanolett.5c03826,,,,,,,
10.1038/s41598-025-20340-y,,,,,,,
10.1002/anie.202515406,,,,,,,
10.1021/acsnanoscienceau.5c00042,,,,,,,
10.1016/j.molmed.2025.10.002,,,,,,,
10.1038/s42004-025-01699-5,,,,,,,
10.1016/j.ijpharm.2025.126281,,,,,,,
10.1039/d5cc04692k,,,,,,,
10.2147/IJN.S541061,,,,,,,
10.1016/j.jconrel.2025.114305,,,,,,,
10.1021/jacs.5c14870,,,,,,,
10.1016/j.ijpharm.2025.126263,,,,,,,
10.1016/j.biomaterials.2025.123754,,,,,,,
10.1039/d5nr01452b,,,,,,,
10.1039/d5sm00666j,,,,,,,
10.1021/jacs.5c10908,,,,,,,
10.1126/sciadv.ady6460,,,,,,,
10.1021/acs.accounts.5c00522,,,,,,,
10.1002/adma.202513720,,,,,,,
10.1016/j.ijbiomac.2025.148058,,,,,,,
10.7150/thno.118976,,,,,,,
10.1038/s41541-025-01263-1,,,,,,,
10.1016/j.omtm.2025.101585,,,,,,,
10.1016/j.jconrel.2025.114267,,,,,,,
10.3390/pharmaceutics17091194,,,,,,,
10.1101/2025.09.15.676190,,,,,,,
10.1038/s41467-025-63651-4,,,,,,,
10.1016/j.jconrel.2025.114258,,,,,,,
10.1021/acs.nanolett.5c03793,,,,,,,
10.1016/j.biomaterials.2025.123698,,,,,,,
10.1002/smll.202506812,,,,,,,
10.1016/j.ijpharm.2025.126183,,,,,,,
10.1016/j.jcis.2025.139025,,,,,,,
10.1021/acs.bioconjchem.5c00303,,,,,,,
10.1021/jacs.5c08376,,,,,,,
10.1021/acs.jpcb.5c04980,,,,,,,
10.1016/j.jconrel.2025.114147,,,,,,,
10.1002/adma.202504830,,,,,,,
10.1016/j.virs.2025.09.001,,,,,,,
10.1080/17435889.2025.2555507,,,,,,,
10.1039/d5tb00470e,,,,,,,
10.1002/adhm.202502455,,,,,,,
10.1186/s12951-025-03681-8,,,,,,,
10.1038/s41563-025-02320-9,,,,,,,
10.1007/s13346-025-01961-2,,,,,,,
10.3390/vaccines13080855,,,,,,,
10.3390/pharmaceutics17080950,,,,,,,
10.1007/978-1-0716-4742-4_16,,,,,,,
10.1007/978-1-0716-4742-4_4,,,,,,,
10.1007/978-1-0716-4742-4_1,,,,,,,
10.1039/d5tb01217a,,,,,,,
10.1021/jacs.5c08715,,,,,,,
10.1016/j.colsurfb.2025.115058,,,,,,,
10.1016/j.jconrel.2025.114141,,,,,,,
10.1021/acsnano.5c07748,,,,,,,
10.1038/s41467-025-63037-6,,,,,,,
10.1016/j.jconrel.2025.114126,,,,,,,
10.1038/s41565-025-01975-4,,,,,,,
10.1021/jacs.5c07897,,,,,,,
10.1126/sciadv.adw0730,,,,,,,
10.1039/d5bm00839e,,,,,,,
10.1186/s12967-025-06924-2,,,,,,,
10.1038/s41565-025-01974-5,,,,,,,
10.1016/j.ejpb.2025.114819,,,,,,,
10.1101/2025.07.22.666181,,,,,,,
10.1002/advs.202509208,,,,,,,
10.1101/2025.07.31.667476,,,,,,,
10.1021/acsnano.5c07140,,,,,,,
10.1161/CIRCRESAHA.125.326716,,,,,,,
10.2147/IJN.S527822,,,,,,,
10.1016/j.biomaterials.2025.123589,,,,,,,
10.1038/s41563-025-02284-w,,,,,,,
10.1021/jacs.5c08345,,,,,,,
10.1038/s41551-025-01486-6,,,,,,,
10.1016/j.mtbio.2025.102107,,,,,,,
10.1021/cbe.5c00031,,,,,,,
10.3390/pharmaceutics17070803,,,,,,,
10.1021/acs.molpharmaceut.5c00272,,,,,,,
10.1002/smll.202503034,,,,,,,
10.1016/j.ymthe.2025.07.031,,,,,,,
10.1016/j.ijbiomac.2025.146217,,,,,,,
10.1016/j.jconrel.2025.114061,,,,,,,
10.1016/j.jconrel.2025.114055,,,,,,,
10.1021/acsnano.5c10648,,,,,,,
10.1182/blood.2025028597,,,,,,,
10.1016/j.jconrel.2025.114056,,,,,,,
10.1021/jacs.5c05367,,,,,,,
10.1021/jacs.5c09030,,,,,,,
10.1038/s41551-025-01422-8,,,,,,,
10.1039/d5md00084j,,,,,,,
10.1186/s40580-025-00502-4,,,,,,,
10.1038/s41467-025-61688-z,,,,,,,
10.1016/j.jconrel.2025.114027,,,,,,,
10.1016/j.bioactmat.2025.06.009,,,,,,,
10.1016/j.apsb.2025.04.003,,,,,,,
10.1126/sciadv.adj0006,,,,,,,
10.1021/acsbiomaterials.5c00463,,,,,,,
10.1021/acs.molpharmaceut.5c00403,,,,,,,
10.1016/j.jconrel.2025.114018,,,,,,,
10.1007/s11095-025-03890-8,,,,,,,
10.1039/d5bm00738k,,,,,,,
10.1016/j.ijpharm.2025.125941,,,,,,,
10.1016/j.jcis.2025.138290,,,,,,,
10.32592/ARI.2024.79.6.1217,,,,,,,
10.1038/s41467-025-60959-z,,,,,,,
10.1038/s41541-025-01201-1,,,,,,,
10.1093/bib/bbaf307,,,,,,,
10.3390/ph18060864,,,,,,,
10.1002/adhm.202501788,,,,,,,
10.1158/1535-7163.MCT-24-0173,,,,,,,
10.1038/s41565-025-01958-5,,,,,,,
10.1021/acsami.5c08444,,,,,,,
10.1016/j.actbio.2025.06.017,,,,,,,
10.3791/67711,,,,,,,
10.1002/adhm.202501305,,,,,,,
10.3390/ijms26115138,,,,,,,
10.1016/j.ijpharm.2025.125843,,,,,,,
10.1016/j.jconrel.2025.113945,,,,,,,
10.1021/acsami.5c04597,,,,,,,
10.1021/jacs.5c01389,,,,,,,
10.1038/s41541-025-01153-6,,,,,,,
10.1016/j.jconrel.2025.113944,,,,,,,
10.1021/acs.jctc.5c00498,,,,,,,
10.1080/17425247.2025.2518225,,,,,,,
10.1016/j.omtn.2025.102547,,,,,,,
10.3724/zdxbyxb-2024-0709,,,,,,,
10.3762/bjnano.16.57,,,,,,,
10.1016/j.jconrel.2025.113906,,,,,,,
10.1021/acsnano.5c04036,,,,,,,
10.1016/j.omtm.2025.101470,,,,,,,
10.1080/20415990.2025.2506977,,,,,,,
10.1039/d5md00115c,,,,,,,
10.1016/j.jconrel.2025.113892,,,,,,,
10.1021/acsnano.5c01378,,,,,,,
10.1016/j.cca.2025.120387,,,,,,,
10.3390/membranes15050153,,,,,,,
10.1016/j.biomaterials.2025.123421,,,,,,,
10.1016/j.jconrel.2025.113879,,,,,,,
10.1016/j.jconrel.2025.113848,,,,,,,
10.1021/acsnano.5c02283,,,,,,,
10.1021/acsmaterialsau.4c00158,,,,,,,
10.1096/fj.202500622R,,,,,,,
10.1002/mabi.202500165,,,,,,,
10.1002/advs.202500362,,,,,,,
10.1021/jacs.5c04123,,,,,,,
10.1038/s41467-025-59501-y,,,,,,,
10.3390/vaccines13040339,,,,,,,
10.3390/vaccines13040370,,,,,,,
10.1021/acs.molpharmaceut.5c00248,,,,,,,
10.1016/j.ejps.2025.107118,,,,,,,
10.1021/acsami.5c06464,,,,,,,
10.1016/j.jconrel.2025.113811,,,,,,,
10.1016/j.omtm.2025.101457,,,,,,,
10.1002/adhm.202501037,,,,,,,
10.1038/s41467-025-58523-w,,,,,,,
10.1002/adma.202417097,,,,,,,
10.1002/anie.202506954,,,,,,,
10.1371/journal.pntd.0012999,,,,,,,
10.1080/02652048.2025.2495290,,,,,,,
10.1021/acsabm.5c00116,,,,,,,
10.1016/j.ejpb.2025.114726,,,,,,,
10.1002/adma.202502055,,,,,,,
10.3390/pharmaceutics17040459,,,,,,,
10.1208/s12248-025-01073-2,,,,,,,
10.1002/smtd.202401712,,,,,,,
10.1002/smll.202501903,,,,,,,
10.1038/s41541-025-01124-x,,,,,,,
10.1021/acsabm.5c00076,,,,,,,
10.1038/s42004-025-01516-z,,,,,,,
10.1016/j.jconrel.2025.113737,,,,,,,
10.1016/j.jconrel.2025.113709,,,,,,,
10.1039/d5bm00317b,,,,,,,
10.1002/smsc.202400145,,,,,,,
10.1002/smsc.202300270,,,,,,,
10.1021/acs.molpharmaceut.5c00402,,,,,,,
10.1016/j.jconrel.2025.113687,,,,,,,
10.1021/acs.biomac.4c01820,,,,,,,
10.1038/s41551-025-01373-0,,,,,,,
10.1021/acs.molpharmaceut.4c01437,,,,,,,
10.1039/d5nr00433k,,,,,,,
10.1039/d5tb00117j,,,,,,,
10.1016/j.ijpx.2025.100324,,,,,,,
10.1016/j.ijpharm.2025.125470,,,,,,,
10.1016/j.jconrel.2025.113617,,,,,,,
10.1021/acsnano.4c18345,,,,,,,
10.1021/acsnano.4c14098,,,,,,,
10.11817/j.issn.1672-7347.2024.230247,,,,,,,
10.1038/s41467-025-57488-0,,,,,,,
10.1039/d4nr05415f,,,,,,,
10.1101/2025.02.25.640222,,,,,,,
10.1002/advs.202500844,,,,,,,
10.1007/s13346-025-01824-w,,,,,,,
10.1038/s41467-025-57149-2,,,,,,,
10.1021/acsnano.4c14102,,,,,,,
10.1021/acs.jpcb.4c07060,,,,,,,
10.1016/j.ejps.2025.107056,,,,,,,
10.1016/j.biotechadv.2025.108546,,,,,,,
10.1038/s41551-025-01360-5,,,,,,,
10.3390/pharmaceutics17020157,,,,,,,
10.1021/acsbiomedchemau.4c00085,,,,,,,
10.1021/acsami.4c21289,,,,,,,
10.1021/acs.biomac.4c01587,,,,,,,
10.1002/advs.202416525,,,,,,,
10.1021/acsnano.4c14041,,,,,,,
10.1002/advs.202413016,,,,,,,
10.1007/s00894-025-06308-9,,,,,,,
10.1021/acsnano.4c18636,,,,,,,
10.1016/j.ijpharm.2025.125297,,,,,,,
10.1021/acsnano.4c09399,,,,,,,
10.1016/j.bmc.2025.118080,,,,,,,
10.1002/advs.202407383,,,,,,,
10.1073/pnas.2409572122,,,,,,,
10.1021/acs.molpharmaceut.4c00744,,,,,,,
10.1016/j.jconrel.2025.01.071,,,,,,,
10.1016/j.actbio.2025.01.040,,,,,,,
10.3390/pharmaceutics17010025,,,,,,,
10.1038/s41467-024-55137-6,,,,,,,
10.3390/vaccines13010025,,,,,,,
10.1016/j.bioactmat.2024.12.032,,,,,,,
10.1016/j.colsurfb.2025.114528,,,,,,,
10.1021/acs.molpharmaceut.4c01239,,,,,,,
10.1016/j.ijpharm.2025.125240,,,,,,,
10.1016/j.chroma.2025.465663,,,,,,,
10.1016/j.ijpharm.2025.125192,,,,,,,
10.1038/s41551-025-01347-2,,,,,,,
10.1021/acs.molpharmaceut.4c00995,,,,,,,
10.1021/acsami.4c14203,,,,,,,
10.1080/17425247.2025.2452295,,,,,,,
10.1002/advs.202409729,,,,,,,
10.1021/acsami.4c20770,,,,,,,
10.3390/pharmaceutics16121521,,,,,,,
10.1021/acsnano.4c13053,,,,,,,
10.1016/j.ijpharm.2024.125114,,,,,,,
10.1021/jacs.4c10265,,,,,,,
10.17691/stm2025.17.6.06,,,,,,,
10.1016/j.ymthe.2024.12.041,,,,,,,
10.1038/s41467-024-55072-6,,,,,,,
10.1002/advs.202411032,,,,,,,
10.1021/acs.langmuir.4c03704,,,,,,,
10.1016/j.ijpharm.2024.125109,,,,,,,
10.1016/j.ymthe.2024.12.032,,,,,,,
10.1021/acs.biomac.4c01599,,,,,,,
10.1002/advs.202412303,,,,,,,
10.1016/j.jcis.2024.12.032,,,,,,,
10.1016/j.apsb.2024.08.032,,,,,,,
10.1038/s41586-024-08291-2,,,,,,,
10.1038/s41587-024-02490-y,,,,,,,
10.1021/acs.bioconjchem.4c00536,,,,,,,
10.1021/acs.molpharmaceut.4c00426,,,,,,,
10.1021/jacs.4c13154,,,,,,,
10.1016/j.omtn.2024.102383,,,,,,,
10.1002/adfm.202312038,,,,,,,
10.1002/bab.2701,,,,,,,
10.14202/vetworld.2024.2235-2247,,,,,,,
10.1016/j.ejps.2024.106965,,,,,,,
10.1038/s41551-024-01296-2,,,,,,,
10.2147/IJN.S474665,,,,,,,
10.1021/acs.analchem.4c03955,,,,,,,
10.1021/acssynbio.4c00487,,,,,,,
10.3390/jpm14111092,,,,,,,
10.1021/acs.jmedchem.4c02239,,,,,,,
10.1021/jacs.4c14500,,,,,,,
10.1002/advs.202408744,,,,,,,
10.1038/s41551-024-01267-7,,,,,,,
10.1021/acsnano.4c08490,,,,,,,
10.1016/j.bioactmat.2024.06.008,,,,,,,
10.1016/j.ijpharm.2024.124942,,,,,,,
10.1016/j.apsb.2024.06.011,,,,,,,
10.1021/acs.molpharmaceut.4c00826,,,,,,,
10.1016/j.jconrel.2024.11.007,,,,,,,
10.1016/j.jconrel.2024.11.010,,,,,,,
10.1002/adhm.202403366,,,,,,,
10.1186/s12951-024-02919-1,,,,,,,
10.1128/jvi.01699-24,,,,,,,
10.1039/d4bm01070a,,,,,,,
10.1002/advs.202405406,,,,,,,
10.1038/s41565-024-01748-5,,,,,,,
10.1080/03639045.2024.2421198,,,,,,,
10.3390/vaccines12101148,,,,,,,
10.1016/j.ijpharm.2024.124868,,,,,,,
10.1016/j.jconrel.2024.10.047,,,,,,,
10.1002/adhm.202401918,,,,,,,
10.1038/s41467-024-53569-8,,,,,,,
10.1016/j.jconrel.2024.10.028,,,,,,,
10.1021/acs.analchem.4c02399,,,,,,,
10.1002/advs.202404684,,,,,,,
10.1021/acsnano.4c10154,,,,,,,
10.1016/j.jconrel.2024.10.005,,,,,,,
10.1016/j.isci.2024.110928,,,,,,,
10.1002/anie.202415389,,,,,,,
10.1021/acs.nanolett.4c02566,,,,,,,
10.1021/acs.jpcb.4c05057,,,,,,,
10.1002/adhm.202400804,,,,,,,
10.1038/s41551-024-01256-w,,,,,,,
10.1002/wnan.1992,,,,,,,
10.1038/s41565-024-01747-6,,,,,,,
10.1002/adhm.202400509,,,,,,,
10.1021/acsnano.4c09677,,,,,,,
10.1016/j.celrep.2024.114788,,,,,,,
10.3390/molecules29184409,,,,,,,
10.1039/d4pm00128a,,,,,,,
10.1007/s13346-024-01709-4,,,,,,,
10.1016/j.omtm.2024.101325,,,,,,,
10.1039/d4bm00523f,,,,,,,
10.1002/advs.202406211,,,,,,,
10.1021/acsnano.4c11652,,,,,,,
10.1016/j.addr.2024.115446,,,,,,,
10.1021/acs.jpcb.4c03747,,,,,,,
10.1021/acsami.4c12721,,,,,,,
10.1016/j.ijpharm.2024.124696,,,,,,,
10.1002/smll.202405618,,,,,,,
10.1016/j.ejps.2024.106898,,,,,,,
10.1007/164_2024_723,,,,,,,
10.3791/67047,,,,,,,
10.1039/d4na00404c,,,,,,,
10.1002/adma.202401445,,,,,,,
10.1021/acs.bioconjchem.4c00293,,,,,,,
10.3390/vaccines12080873,,,,,,,
10.3389/fimmu.2024.1420216,,,,,,,
10.1021/acsnano.4c05088,,,,,,,
10.1016/j.ijpharm.2024.124632,,,,,,,
10.1007/s11262-024-02102-6,,,,,,,
10.1021/acsami.4c04893,,,,,,,
10.1039/d4ra05189k,,,,,,,
10.1016/j.jcis.2024.08.061,,,,,,,
10.1021/acsnano.4c06160,,,,,,,
10.1002/adma.202403701,,,,,,,
10.1021/acs.molpharmaceut.4c00216,,,,,,,
10.1016/j.jconrel.2024.08.016,,,,,,,
10.1021/acs.joc.4c01193,,,,,,,
10.1021/acsnano.4c04519,,,,,,,
10.1093/nsr/nwae224,,,,,,,
10.1101/2024.07.31.605343,,,,,,,
10.2147/IJN.S464720,,,,,,,
10.1021/acsnano.4c05513,,,,,,,
10.1016/j.omtn.2024.102263,,,,,,,
10.1002/cbic.202400481,,,,,,,
10.1039/d4tb00960f,,,,,,,
10.1016/j.jconrel.2024.07.078,,,,,,,
10.1038/s41467-024-50752-9,,,,,,,
10.1073/pnas.2400783121,,,,,,,
10.1016/j.ijpharm.2024.124513,,,,,,,
10.1038/s41467-024-50619-z,,,,,,,
10.1016/j.jconrel.2024.07.055,,,,,,,
10.1039/d4bm00668b,,,,,,,
10.1039/d4lc00283k,,,,,,,
10.1016/j.biomaterials.2024.122693,,,,,,,
10.1016/j.cbpa.2024.102499,,,,,,,
10.1038/s41467-024-50235-x,,,,,,,
10.1016/j.jconrel.2024.07.018,,,,,,,
10.1016/j.bbrc.2024.150372,,,,,,,
10.1038/s41467-024-50093-7,,,,,,,
10.1021/acsnano.3c12981,,,,,,,
10.1002/wnan.1978,,,,,,,
10.1038/s41573-024-00977-6,,,,,,,
10.1021/jacs.4c04331,,,,,,,
10.1101/2024.06.19.599708,,,,,,,
10.1021/acscentsci.4c00071,,,,,,,
10.1016/j.jconrel.2024.06.064,,,,,,,
10.3390/vaccines12060666,,,,,,,
10.3390/pharmaceutics16060771,,,,,,,
10.1002/smll.202400643,,,,,,,
10.1007/s11095-024-03714-1,,,,,,,
10.1016/j.jconrel.2024.06.051,,,,,,,
10.1038/s41541-024-00900-5,,,,,,,
10.3390/ijms25115919,,,,,,,
10.1002/adhm.202400225,,,,,,,
10.1016/j.jconrel.2024.06.023,,,,,,,
10.1126/sciadv.ado4791,,,,,,,
10.1021/acsnano.4c01171,,,,,,,
10.1016/j.bios.2024.116457,,,,,,,
10.1016/j.bioactmat.2024.05.020,,,,,,,
10.1002/smll.202402362,,,,,,,
10.1007/978-1-0716-3770-8_7,,,,,,,
10.1007/s13346-024-01635-5,,,,,,,
10.1002/adhm.202400673,,,,,,,
10.3390/pharmaceutics16050684,,,,,,,
10.1016/j.jconrel.2024.05.036,,,,,,,
10.1016/j.ejpb.2024.114338,,,,,,,
10.1039/d4nr01420k,,,,,,,
10.1016/j.colsurfb.2024.113980,,,,,,,
10.1016/j.bioactmat.2024.05.012,,,,,,,
10.34133/bmr.0017,,,,,,,
10.1021/jacs.4c00451,,,,,,,
10.1021/acsabm.4c00103,,,,,,,
10.1093/nsr/nwae135,,,,,,,
10.1016/j.ijpx.2024.100255,,,,,,,
10.1002/smll.202311165,,,,,,,
10.1038/s41563-024-01867-3,,,,,,,
10.1038/s41467-024-48461-4,,,,,,,
10.1038/s42003-024-06235-0,,,,,,,
10.1016/j.jconrel.2024.05.015,,,,,,,
10.1002/cmdc.202400199,,,,,,,
10.1016/j.jconrel.2024.05.006,,,,,,,
10.1021/acsami.4c02415,,,,,,,
10.1002/smll.202401282,,,,,,,
10.3389/fimmu.2024.1370564,,,,,,,
10.1016/j.jconrel.2024.04.052,,,,,,,
10.1016/j.colsurfb.2024.113930,,,,,,,
10.3390/pharmaceutics16040563,,,,,,,
10.1093/bib/bbae186,,,,,,,
10.1101/2024.04.16.589801,,,,,,,
10.1002/adma.202400307,,,,,,,
10.1021/acsnano.3c06225,,,,,,,
10.7150/thno.91062,,,,,,,
10.1002/anie.202405444,,,,,,,
10.1016/j.ejpb.2024.114296,,,,,,,
10.1016/j.jconrel.2024.04.022,,,,,,,
10.1186/s12951-024-02427-2,,,,,,,
10.1016/j.jconrel.2024.04.018,,,,,,,
10.1021/acs.jpcb.3c07600,,,,,,,
10.1016/j.biomaterials.2024.122559,,,,,,,
10.1021/acsnano.3c09028,,,,,,,
10.1080/08982104.2024.2333755,,,,,,,
10.2147/IJN.S448005,,,,,,,
10.1248/bpb.b23-00689,,,,,,,
10.1021/acs.analchem.4c00031,,,,,,,
10.1016/j.bioactmat.2024.03.017,,,,,,,
10.1039/d4nr00278d,,,,,,,
10.2147/IJN.S452896,,,,,,,
10.1016/j.nano.2024.102745,,,,,,,
10.1016/j.jconrel.2024.03.016,,,,,,,
10.1002/jbm.a.37705,,,,,,,
10.1080/07391102.2024.2329307,,,,,,,
10.1021/acs.nanolett.3c03345,,,,,,,
10.1039/d3bm02071a,,,,,,,
10.1021/acsami.3c15424,,,,,,,
10.1038/s41541-024-00838-8,,,,,,,
10.1073/pnas.2307813120,,,,,,,
10.1073/pnas.2307810121,,,,,,,
10.1007/s11302-024-09989-8,,,,,,,
10.1002/adma.202311574,,,,,,,
10.1016/j.colsurfb.2024.113807,,,,,,,
10.1038/s41467-024-45537-z,,,,,,,
10.3390/pharmaceutics16020181,,,,,,,
10.1002/adma.202312026,,,,,,,
10.1016/j.ejpb.2024.114222,,,,,,,
10.1371/journal.pone.0298815,,,,,,,
10.1002/adhm.202303857,,,,,,,
10.1016/j.actbio.2024.02.004,,,,,,,
10.1016/j.jconrel.2024.02.007,,,,,,,
10.1021/acs.biochem.3c00614,,,,,,,
10.1016/j.bios.2024.116065,,,,,,,
10.1002/anie.202400348,,,,,,,
10.1016/j.addr.2024.115190,,,,,,,
10.2147/IJN.S442369,,,,,,,
10.1002/smll.202309200,,,,,,,
10.1101/2024.01.14.575599,,,,,,,
10.1007/s13346-023-01511-8,,,,,,,
10.3390/pharmaceutics16010131,,,,,,,
10.1016/j.ijpharm.2024.123845,,,,,,,
10.1021/acs.nanolett.3c03509,,,,,,,
10.1080/22221751.2024.2309985,,,,,,,
10.1016/j.jchromb.2024.124005,,,,,,,
10.1016/j.ymthe.2024.01.020,,,,,,,
10.1021/acs.nanolett.3c04507,,,,,,,
10.1016/j.bioactmat.2023.11.014,,,,,,,
10.1021/acsomega.3c08641,,,,,,,
10.1016/j.addr.2023.115175,,,,,,,
10.1021/acs.analchem.3c03690,,,,,,,
10.1073/pnas.2311700120,,,,,,,
10.7150/thno.89913,,,,,,,
10.1016/j.talanta.2023.125564,,,,,,,
10.1002/adma.202310886,,,,,,,
10.2147/IJN.S434908,,,,,,,
10.1021/acs.accounts.3c00597,,,,,,,
10.1016/j.copbio.2023.103049,,,,,,,
10.1002/smsc.202300285,,,,,,,
10.1140/epje/s10189-023-00385-5,,,,,,,
10.1039/d3nr03308b,,,,,,,
10.1002/smll.202304378,,,,,,,
10.1073/pnas.2309472120,,,,,,,
10.1073/pnas.2310491120,,,,,,,
10.1248/bpb.b23-00634,,,,,,,
10.1089/genbio.2023.0045,,,,,,,
10.1016/j.omtn.2023.102065,,,,,,,
10.1002/btm2.10580,,,,,,,
10.1002/btm2.10556,,,,,,,
10.1002/adhm.202302691,,,,,,,
10.1038/s41565-023-01548-3,,,,,,,
10.1021/acs.molpharmaceut.3c00956,,,,,,,
10.1016/j.actbio.2023.10.038,,,,,,,
10.1021/acs.molpharmaceut.3c00783,,,,,,,
10.1021/acsnano.3c08644,,,,,,,
10.1021/acs.nanolett.3c02573,,,,,,,
10.1007/s00244-023-01035-9,,,,,,,
10.3390/vaccines11101580,,,,,,,
10.2147/IJN.S424723,,,,,,,
10.1021/jacs.3c08729,,,,,,,
10.1002/smll.202306892,,,,,,,
10.1002/advs.202302423,,,,,,,
10.1038/s41467-023-42280-9,,,,,,,
10.1063/5.0172552,,,,,,,
10.1021/jacs.3c09143,,,,,,,
10.1016/j.ejpb.2023.10.006,,,,,,,
10.1038/s41541-023-00751-6,,,,,,,
10.1021/acsnano.3c02251,,,,,,,
10.1016/j.psj.2023.103078,,,,,,,
10.1038/s41598-023-43898-x,,,,,,,
10.1016/j.biomaterials.2023.122341,,,,,,,
10.1002/adhm.202301687,,,,,,,
10.7150/thno.86466,,,,,,,
10.3390/pharmaceutics15092291,,,,,,,
10.3390/jfb14090437,,,,,,,
10.1002/cpz1.898,,,,,,,
10.1021/acs.biochem.3c00371,,,,,,,
10.1002/jat.4548,,,,,,,
10.1021/acs.bioconjchem.3c00329,,,,,,,
10.1038/s41551-023-01082-6,,,,,,,
10.1002/anie.202310401,,,,,,,
10.1021/cbmi.3c00011,,,,,,,
10.1016/j.ijpharm.2023.123348,,,,,,,
10.3390/pharmaceutics15082068,,,,,,,
10.3390/ph16081088,,,,,,,
10.3390/antibiotics12081300,,,,,,,
10.1021/acs.molpharmaceut.3c00477,,,,,,,
10.1021/jacs.3c07337,,,,,,,
10.1002/adhm.202301515,,,,,,,
10.1021/acsami.3c05481,,,,,,,
10.1016/j.jconrel.2023.08.021,,,,,,,
10.1016/j.jconrel.2023.08.014,,,,,,,
10.1016/j.omtm.2023.06.005,,,,,,,
10.2147/CPAA.S418314,,,,,,,
10.1016/j.jconrel.2023.07.051,,,,,,,
10.1016/j.jconrel.2023.07.054,,,,,,,
10.1021/acs.jpcb.3c01296,,,,,,,
10.1002/adma.202303614,,,,,,,
10.1016/j.biomaterials.2023.122243,,,,,,,
10.1182/bloodadvances.2023010643,,,,,,,
10.1021/acsnano.3c02268,,,,,,,
10.1039/d3tb00303e,,,,,,,
10.1073/pnas.2214320120,,,,,,,
10.1021/acsnano.2c11904,,,,,,,
10.1016/j.biopha.2023.115065,,,,,,,
10.1016/j.ijpharm.2023.123155,,,,,,,
10.1002/anie.202304977,,,,,,,
10.1021/acs.bioconjchem.3c00268,,,,,,,
10.1039/d3nr00987d,,,,,,,
10.3390/pharmaceutics15061572,,,,,,,
10.1038/s41565-023-01404-4,,,,,,,
10.1016/j.omtn.2023.05.004,,,,,,,
10.1039/d3tb00649b,,,,,,,
10.1002/smtd.202201695,,,,,,,
10.1002/smll.202302917,,,,,,,
10.1134/S1068162023020061,,,,,,,
10.3390/molecules28104046,,,,,,,
10.1039/d3tb00308f,,,,,,,
10.1021/acs.molpharmaceut.3c00089,,,,,,,
10.3390/ijms24098392,,,,,,,
10.1002/adma.202303370,,,,,,,
10.1002/advs.202301377,,,,,,,
10.1016/j.addr.2023.114861,,,,,,,
10.1016/j.antiviral.2023.105618,,,,,,,
10.1016/j.ijpharm.2023.123012,,,,,,,
10.1039/d3tb00516j,,,,,,,
10.1038/s41551-023-01030-4,,,,,,,
10.3390/pharmaceutics15041223,,,,,,,
10.3390/pharmaceutics15041173,,,,,,,
10.3390/pharmaceutics15041127,,,,,,,
10.1021/acsbiomedchemau.2c00073,,,,,,,
10.1371/journal.pbio.3002105,,,,,,,
10.1002/advs.202301929,,,,,,,
10.1039/d2bm02031a,,,,,,,
10.1016/j.ejpb.2023.04.005,,,,,,,
10.1016/j.ijpharm.2023.122914,,,,,,,
10.1002/smll.202206747,,,,,,,
10.2174/1389201024666230403094238,,,,,,,
10.1016/j.chemphyslip.2023.105294,,,,,,,
10.1038/s41587-023-01679-x,,,,,,,
10.3390/vaccines11030658,,,,,,,
10.3390/pharmaceutics15031009,,,,,,,
10.1016/j.jconrel.2023.03.039,,,,,,,
10.1016/j.ijpharm.2023.122874,,,,,,,
10.1039/d3bm00068k,,,,,,,
10.1016/j.biotechadv.2023.108130,,,,,,,
10.3389/fimmu.2023.1129296,,,,,,,
10.1016/j.slasd.2023.03.001,,,,,,,
10.1016/j.ijpharm.2023.122810,,,,,,,
10.1016/j.bioactmat.2023.02.016,,,,,,,
10.1021/acsnano.2c12420,,,,,,,
10.3390/pharmaceutics15020597,,,,,,,
10.3390/pharmaceutics15020477,,,,,,,
10.1039/d2tb02783f,,,,,,,
10.1007/s00249-023-01633-4,,,,,,,
10.1016/j.ymthe.2023.02.009,,,,,,,
10.1021/jacs.2c12893,,,,,,,
10.1002/cbic.202200801,,,,,,,
10.3390/ijms24032700,,,,,,,
10.1002/advs.202300188,,,,,,,
10.3791/64810,,,,,,,
10.1002/adhm.202203033,,,,,,,
10.1002/adhm.202202590,,,,,,,
10.1126/sciadv.ade1444,,,,,,,
10.1002/adma.202209624,,,,,,,
10.1021/jacs.2c10670,,,,,,,
10.1038/s41467-022-35637-z,,,,,,,
10.1016/j.apsb.2023.01.010,,,,,,,
10.1038/s41598-022-25737-7,,,,,,,
10.3389/fmolb.2022.1042720,,,,,,,
10.1002/smll.202206968,,,,,,,
10.1021/acsnano.2c06213,,,,,,,
10.1021/acs.jpcb.2c07671,,,,,,,
10.1007/s11095-022-03460-2,,,,,,,
10.1101/2022.12.22.521490,,,,,,,
10.1080/17425247.2023.2162876,,,,,,,
10.1016/j.ijpharm.2022.122565,,,,,,,
10.1016/j.bmc.2022.117135,,,,,,,
10.1126/sciadv.abq3500,,,,,,,
10.1039/d2bm01581a,,,,,,,
10.1016/j.ijpharm.2022.122489,,,,,,,
10.1021/acs.nanolett.2c03741,,,,,,,
10.1021/acsnano.2c04829,,,,,,,
10.1016/j.jcis.2022.11.141,,,,,,,
10.1080/17425247.2023.2153832,,,,,,,
10.1016/j.jconrel.2022.11.037,,,,,,,
10.1016/j.jconrel.2022.11.036,,,,,,,
10.1002/advs.202205532,,,,,,,
10.3389/fbioe.2022.1053197,,,,,,,
10.1080/17425247.2022.2144827,,,,,,,
10.1021/acs.langmuir.2c01492,,,,,,,
10.3390/cancers14215179,,,,,,,
10.1016/j.xphs.2022.11.001,,,,,,,
10.1016/j.immuni.2022.10.014,,,,,,,
10.1002/smsc.202200071,,,,,,,
10.1038/s41596-022-00755-x,,,,,,,
10.3390/pharmaceutics14102175,,,,,,,
10.3390/pharmaceutics14102086,,,,,,,
10.1021/acsnano.2c07822,,,,,,,
10.1016/j.ejpb.2022.10.011,,,,,,,
10.1016/j.jconrel.2022.10.020,,,,,,,
10.2217/nnm-2022-0002,,,,,,,
10.1039/d2ra02771b,,,,,,,
10.1021/acs.nanolett.2c03234,,,,,,,
10.1016/j.omtn.2022.09.017,,,,,,,
10.3389/fphar.2022.995481,,,,,,,
10.1016/j.omtn.2022.08.026,,,,,,,
10.1021/acs.molpharmaceut.2c00442,,,,,,,
10.1038/s41467-022-33157-4,,,,,,,
10.1021/acs.molpharmaceut.2c00587,,,,,,,
10.1016/j.jconrel.2022.09.021,,,,,,,
10.1016/j.jpba.2022.115011,,,,,,,
10.1371/journal.ppat.1010830,,,,,,,
10.1016/j.bpj.2022.08.037,,,,,,,
10.1101/2022.03.16.484616,,,,,,,
10.1039/d2bm00883a,,,,,,,
10.1038/s41467-022-32281-5,,,,,,,
10.1073/pnas.2207841119,,,,,,,
10.1002/adfm.202204692,,,,,,,
10.1016/j.jconrel.2022.07.041,,,,,,,
10.3390/nano12142446,,,,,,,
10.1016/j.bioadv.2022.212984,,,,,,,
10.1021/acsami.2c05165,,,,,,,
10.1016/j.taap.2022.116143,,,,,,,
10.2147/IJN.S366962,,,,,,,
10.1016/j.addr.2022.114416,,,,,,,
10.1016/j.biomaterials.2022.121645,,,,,,,
10.1021/acsami.2c06065,,,,,,,
10.1016/j.apsb.2021.11.021,,,,,,,
10.1016/j.bmc.2022.116884,,,,,,,
10.1021/acs.molpharmaceut.2c00244,,,,,,,
10.1021/acs.langmuir.2c01221,,,,,,,
10.1021/acs.langmuir.2c00430,,,,,,,
10.1016/j.virs.2022.06.002,,,,,,,
10.1021/acs.molpharmaceut.2c00033,,,,,,,
10.3390/pharmaceutics14050973,,,,,,,
10.1016/j.chemphyslip.2022.105207,,,,,,,
10.1021/acs.molpharmaceut.2c00032,,,,,,,
10.1103/PhysRevE.105.044405,,,,,,,
10.1016/j.biomaterials.2022.121570,,,,,,,
10.1016/j.jconrel.2022.05.020,,,,,,,
10.1039/d2bm00168c,,,,,,,
10.1016/j.dmpk.2022.100450,,,,,,,
10.1002/smll.202107768,,,,,,,
10.1016/j.jconrel.2022.03.046,,,,,,,
10.1016/j.jconrel.2022.03.029,,,,,,,
10.1016/j.jconrel.2022.03.021,,,,,,,
10.1021/acs.molpharmaceut.1c00798,,,,,,,
10.1016/j.ijpharm.2022.121596,,,,,,,
10.1126/sciadv.abm1418,,,,,,,
10.1038/s41392-021-00859-y,,,,,,,
10.1016/j.chemphyslip.2022.105178,,,,,,,
10.1007/s40290-021-00417-5,,,,,,,
10.1007/978-1-0716-1811-0_29,,,,,,,
10.1371/journal.ppat.1010255,,,,,,,
10.1002/adma.202106350,,,,,,,
10.1039/d1nr06858j,,,,,,,
10.1039/d1nr07513f,,,,,,,
10.1016/j.ijpharm.2021.121380,,,,,,,
10.1002/smll.202105832,,,,,,,
10.1038/s41467-021-27493-0,,,,,,,
10.1038/s41591-021-01573-6,,,,,,,
10.1002/marc.202100683,,,,,,,
10.1208/s12248-021-00653-2,,,,,,,
10.1016/j.bioactmat.2021.05.051,,,,,,,
10.1248/cpb.c21-00705,,,,,,,
10.1016/j.immuni.2021.11.001,,,,,,,
10.1021/acs.accounts.1c00544,,,,,,,
10.1016/j.ijpharm.2021.121314,,,,,,,
10.1016/j.dmpk.2021.100428,,,,,,,
10.1038/s41467-021-26926-0,,,,,,,
10.3389/fcell.2021.789427,,,,,,,
10.1016/j.jconrel.2021.11.022,,,,,,,
10.1021/acs.accounts.1c00550,,,,,,,
10.1021/acs.jpclett.1c03109,,,,,,,
10.1016/j.dmpk.2021.100424,,,,,,,
10.1016/j.jconrel.2021.10.031,,,,,,,
10.3390/biomedicines9101367,,,,,,,
10.1021/jacs.1c09585,,,,,,,
10.1021/acs.nanolett.1c02503,,,,,,,
10.1021/acs.accounts.1c00500,,,,,,,
10.1039/d1bm00866h,,,,,,,
10.1016/j.omtn.2021.08.023,,,,,,,
10.1021/acs.jcim.1c00770,,,,,,,
10.1002/EXP.20210008,,,,,,,
10.1016/j.apsb.2021.08.009,,,,,,,
10.1038/s42003-021-02441-2,,,,,,,
10.1101/2021.08.01.454662,,,,,,,
10.1021/jacs.1c05813,,,,,,,
10.1016/j.archoralbio.2021.105207,,,,,,,
10.1016/j.ijpharm.2021.120851,,,,,,,
10.1101/2021.06.23.449544,,,,,,,
10.1039/d1tb00736j,,,,,,,
10.1021/acs.nanolett.1c01284,,,,,,,
10.3762/bjoc.17.75,,,,,,,
10.1126/sciadv.abf1244,,,,,,,
10.1007/978-1-0716-1298-9_9,,,,,,,
10.1016/j.bbamem.2021.183627,,,,,,,
10.1016/j.colsurfb.2021.111760,,,,,,,
10.1016/j.ijpharm.2021.120586,,,,,,,
10.1038/s41401-021-00648-x,,,,,,,
10.1002/btm2.10213,,,,,,,
10.1016/j.ejpb.2021.03.004,,,,,,,
10.3791/62226,,,,,,,
10.1039/d0nh00674b,,,,,,,
10.1073/pnas.2020401118,,,,,,,
10.1016/j.ijpharm.2021.120392,,,,,,,
10.1126/sciadv.abf4398,,,,,,,
10.1186/s12943-021-01335-5,,,,,,,
10.1002/adhm.202001294,,,,,,,
10.1021/acs.nanolett.1c00094,,,,,,,
10.1016/j.msec.2020.111664,,,,,,,
10.1126/sciadv.aba1028,,,,,,,
10.3389/fbioe.2020.601155,,,,,,,
10.1021/acsami.0c20607,,,,,,,
10.1021/acs.molpharmaceut.0c00854,,,,,,,
10.1016/j.jconrel.2021.01.021,,,,,,,
10.1021/acsnano.0c10180,,,,,,,
10.3390/vaccines9010065,,,,,,,
10.1021/acs.langmuir.0c03039,,,,,,,
10.1016/j.jconrel.2021.01.005,,,,,,,
10.1248/bpb.b20-00679,,,,,,,
10.1016/j.jconrel.2020.12.032,,,,,,,
10.3390/molecules25245995,,,,,,,
10.1002/anie.202013927,,,,,,,
10.1039/d0cp05111j,,,,,,,
10.1039/d0nr06816k,,,,,,,
10.1126/sciadv.abc9450,,,,,,,
10.3390/pharmaceutics12111095,,,,,,,
10.1021/acs.jmedchem.0c01407,,,,,,,
10.1021/acs.langmuir.0c02446,,,,,,,
10.1016/j.biomaterials.2020.120203,,,,,,,
10.1016/j.jconrel.2020.09.007,,,,,,,
10.1002/adma.202004452,,,,,,,
10.1016/j.addr.2020.07.022,,,,,,,
10.1016/j.bioactmat.2020.07.003,,,,,,,
10.1039/d0sm00736f,,,,,,,
10.1002/anie.202008082,,,,,,,
10.1021/acs.langmuir.0c01369,,,,,,,
10.1016/j.jconrel.2020.06.027,,,,,,,
10.1016/j.addr.2020.06.002,,,,,,,
10.1021/acs.bioconjchem.0c00295,,,,,,,
10.1021/acs.nanolett.0c00596,,,,,,,
10.1016/j.ijpharm.2020.119479,,,,,,,
10.1177/2472555220925770,,,,,,,
10.1002/anie.202004994,,,,,,,
10.1038/s41467-020-16248-y,,,,,,,
10.3390/vaccines8020212,,,,,,,
10.1021/acs.molpharmaceut.9b01288,,,,,,,
10.1248/bpb.b19-00743,,,,,,,
10.2147/DDDT.S235098,,,,,,,
10.1002/marc.202000034,,,,,,,
10.1016/j.biopha.2020.109861,,,,,,,
10.1021/acs.bioconjchem.0c00013,,,,,,,
10.1002/adma.201906128,,,,,,,
10.1021/acs.molpharmaceut.9b01182,,,,,,,
10.1039/c9bm01738k,,,,,,,
10.1021/acs.nanolett.9b04246,,,,,,,
10.1093/intbio/zyz030,,,,,,,
10.1002/jcph.1553,,,,,,,
10.1039/c9nr09347h,,,,,,,
10.1016/j.jconrel.2019.10.028,,,,,,,
10.1038/s41587-019-0247-3,,,,,,,
10.1038/s41467-019-12275-6,,,,,,,
10.2174/1389201020666190924164152,,,,,,,
10.1016/j.jconrel.2019.09.009,,,,,,,
10.1021/acs.molpharmaceut.9b00738,,,,,,,
10.1016/j.jconrel.2019.08.004,,,,,,,
10.1021/acs.accounts.9b00368,,,,,,,
10.1016/j.jconrel.2019.08.002,,,,,,,
10.1007/s11095-019-2663-y,,,,,,,
10.1039/c9nr02297j,,,,,,,
10.1002/jcph.1480,,,,,,,
10.1038/s41434-019-0095-2,,,,,,,
10.1038/s41467-019-10685-0,,,,,,,
10.1002/elps.201900063,,,,,,,
10.1016/j.ejpb.2019.06.009,,,,,,,
10.1016/j.biopha.2019.109006,,,,,,,
10.1007/s00277-019-03713-y,,,,,,,
10.1021/acsbiomaterials.9b00445,,,,,,,
10.1039/c9nr02004g,,,,,,,
10.1016/j.jconrel.2019.04.015,,,,,,,
10.1016/j.ijpharm.2019.04.006,,,,,,,
10.1016/j.omtn.2019.01.013,,,,,,,
10.1248/bpb.b18-00783,,,,,,,
10.1002/smll.201805097,,,,,,,
10.1007/s11095-018-2566-3,,,,,,,
10.1016/j.heliyon.2018.e00959,,,,,,,
10.1021/acs.molpharmaceut.8b01073,,,,,,,
10.1002/adma.201805308,,,,,,,
10.1080/17425247.2018.1520836,,,,,,,
10.1038/sdata.2018.167,,,,,,,
10.1002/anie.201809056,,,,,,,
10.1039/c8bm00637g,,,,,,,
10.3390/ijms19072096,,,,,,,
10.1016/j.biomaterials.2018.05.038,,,,,,,
10.1021/acsami.8b02830,,,,,,,
10.1016/j.omtn.2018.02.003,,,,,,,
10.1016/j.ymthe.2018.04.021,,,,,,,
10.1089/nat.2018.0721,,,,,,,
10.1002/JLB.3TA0517-192R,,,,,,,
10.1089/ten.TEA.2017.0485,,,,,,,
10.1021/acsnano.8b01516,,,,,,,
10.1073/pnas.1720542115,,,,,,,
10.1021/acs.bioconjchem.8b00007,,,,,,,
10.1016/j.biomaterials.2018.03.011,,,,,,,
10.3389/fncel.2018.00018,,,,,,,
10.1021/acs.jpcb.7b10795,,,,,,,
10.1016/j.aca.2017.09.046,,,,,,,
10.1016/j.chemphyslip.2017.10.004,,,,,,,
10.1080/1061186X.2017.1387788,,,,,,,
10.1016/j.biopha.2017.08.090,,,,,,,
10.1016/j.colsurfb.2017.08.022,,,,,,,
10.1016/j.ejpb.2017.07.014,,,,,,,
10.1021/acsnano.7b04734,,,,,,,
10.1002/adma.201606944,,,,,,,
10.1016/j.ijpharm.2017.01.016,,,,,,,
10.1016/j.nano.2016.12.014,,,,,,,
10.1016/j.colsurfb.2016.11.020,,,,,,,
10.2147/IJN.S117184,,,,,,,
10.1016/j.biomaterials.2016.12.001,,,,,,,
10.1039/c6nr06701h,,,,,,,
10.1002/adhm.201600416,,,,,,,
10.3390/molecules21101314,,,,,,,
10.1039/c6bm00580b,,,,,,,
10.1002/adhm.201600677,,,,,,,
10.1038/srep34215,,,,,,,
10.1016/j.ijpharm.2016.06.124,,,,,,,
10.1016/j.jconrel.2016.05.059,,,,,,,
10.3109/1061186X.2016.1172587,,,,,,,
10.1016/j.jconrel.2015.05.226,,,,,,,
10.1016/j.jconrel.2016.03.001,,,,,,,
10.1021/acs.jmedchem.5b01679,,,,,,,
10.1002/adma.201505822,,,,,,,
10.1039/c5bm00479a,,,,,,,
10.1021/acscombsci.5b00117,,,,,,,
10.1016/j.polymer.2015.10.048,,,,,,,
10.1002/adma.201502888,,,,,,,
10.1021/acs.langmuir.5b03258,,,,,,,
10.1021/acs.nanolett.5b02497,,,,,,,
10.1038/mt.2015.175,,,,,,,
10.1021/acs.jpcb.5b02891,,,,,,,
10.1007/s13346-013-0161-z,,,,,,,
10.2217/nnm.14.192,,,,,,,
10.1016/j.bpc.2015.02.004,,,,,,,
10.1016/j.jconrel.2015.02.028,,,,,,,
10.1038/mtna.2014.75,,,,,,,
10.1021/mp500367k,,,,,,,
10.2147/IJN.S65402,,,,,,,
10.1038/ncomms5277,,,,,,,
10.1016/j.jconrel.2014.04.023,,,,,,,
10.1016/j.jconrel.2014.04.004,,,,,,,
10.1002/adhm.201300503,,,,,,,
10.1002/adhm.201400039,,,,,,,
10.1016/j.ijpharm.2014.02.016,,,,,,,
10.3109/10717544.2014.882469,,,,,,,
10.1002/anie.201311245,,,,,,,
10.1126/scitranslmed.3007048,,,,,,,
10.3390/pharmaceutics5030498,,,,,,,
10.1021/bc400158w,,,,,,,
10.1038/mt.2013.124,,,,,,,
10.1021/sb300023h,,,,,,,
10.1002/jps.23499,,,,,,,
10.1016/j.nano.2013.01.006,,,,,,,
10.1038/mtna.2012.5,,,,,,,
10.1074/jbc.M112.442988,,,,,,,
10.1016/j.jconrel.2012.12.014,,,,,,,
10.1039/c2ib20155k,,,,,,,
10.3109/1061186X.2012.719232,,,,,,,
10.1021/jp303267y,,,,,,,
10.1002/anie.201203263,,,,,,,
10.1016/j.nano.2012.05.019,,,,,,,
10.1073/pnas.1121423109,,,,,,,
10.1371/journal.pone.0029851,,,,,,,
10.1021/bc200572w,,,,,,,
10.1002/ijc.27361,,,,,,,
10.1038/mt.2011.190,,,,,,,
10.1016/j.bioorg.2011.07.005,,,,,,,
10.1073/pnas.1107476108,,,,,,,
10.1038/mt.2011.141,,,,,,,
10.1021/la201464k,,,,,,,
10.1021/la104590k,,,,,,,
10.1186/gb-2011-12-1-r8,,,,,,,
10.1021/bc100054c,,,,,,,
10.1021/bc100041r,,,,,,,
10.1038/nbt.1602,,,,,,,
10.1016/j.jconrel.2008.09.078,,,,,,,
10.1039/b807704e,,,,,,,
10.1016/j.jconrel.2008.07.018,,,,,,,
10.1038/nbt1402,,,,,,,
10.1211/jpp.59.4.0001,,,,,,,
10.1021/jp0530552,,,,,,,
10.1021/bc050052j,,,,,,,
10.1046/j.1523-1747.2003.12262.x,,,,,,,
10.1016/S0006-3495(00)76395-8,,,,,,,
10.1128/AAC.44.3.533-539.2000,,,,,,,
10.1016/s0168-3659(99)00135-2,,,,,,,
10.1074/jbc.271.14.8481,,,,,,,
10.1021/bi00450a039,,,,,,,
10.1126/science.7434025,,,,,,,
10.1021/bi00575a012,,,,,,,
